{"cameraMode":{"drawMode":0,"name":"Shaded","section":"Shading Mode"},"sceneLighting":false,"audioPlay":false,"sceneViewState":{"m_AlwaysRefresh":false,"showFog":true,"showSkybox":false,"showFlares":true,"showImageEffects":true,"showParticleSystems":true,"showVisualEffectGraphs":true,"m_FxEnabled":true},"in2DMode":false,"pivot":{"x":0.15337441861629487,"y":0.9708877801895142,"z":0.8155352473258972},"rotation":{"x":0.025776410475373269,"y":-0.9680250883102417,"z":0.22308923304080964,"w":0.11201333999633789},"size":0.7230045795440674,"orthographic":false}