{"cameraMode":{"drawMode":0,"name":"Shaded","section":"Shading Mode"},"sceneLighting":true,"audioPlay":false,"sceneViewState":{"m_AlwaysRefresh":false,"showFog":true,"showSkybox":true,"showFlares":true,"showImageEffects":true,"showParticleSystems":true,"showVisualEffectGraphs":true,"m_FxEnabled":true},"in2DMode":false,"pivot":{"x":38.218475341796878,"y":9.886762619018555,"z":-27.124431610107423},"rotation":{"x":-0.01705337129533291,"y":-0.7074617743492127,"z":0.016884539276361467,"w":-0.7066968679428101},"size":12.725899696350098,"orthographic":false}