{"cameraMode":{"drawMode":0,"name":"Shaded","section":"Shading Mode"},"sceneLighting":false,"audioPlay":false,"sceneViewState":{"m_AlwaysRefresh":false,"showFog":true,"showSkybox":false,"showFlares":true,"showImageEffects":true,"showParticleSystems":true,"showVisualEffectGraphs":true,"m_FxEnabled":true},"in2DMode":false,"pivot":{"x":-0.7252283096313477,"y":2.2930476665496828,"z":0.8991881608963013},"rotation":{"x":0.07237649708986283,"y":0.8627299666404724,"z":-0.1290472149848938,"w":0.48358985781669619},"size":1.4868758916854859,"orthographic":false}