{"cameraMode":{"drawMode":0,"name":"Shaded","section":"Shading Mode"},"sceneLighting":false,"audioPlay":false,"sceneViewState":{"m_AlwaysRefresh":false,"showFog":true,"showSkybox":false,"showFlares":true,"showImageEffects":true,"showParticleSystems":true,"showVisualEffectGraphs":true,"m_FxEnabled":true},"in2DMode":false,"pivot":{"x":1.0647011995315552,"y":1.7081135511398316,"z":0.44592326879501345},"rotation":{"x":0.05065262317657471,"y":-0.9493265151977539,"z":0.21728554368019105,"w":0.22147849202156068},"size":1.3129887580871583,"orthographic":false}