{"cameraMode":{"drawMode":0,"name":"Shaded","section":"Shading Mode"},"sceneLighting":false,"audioPlay":false,"sceneViewState":{"m_AlwaysRefresh":false,"showFog":true,"showSkybox":false,"showFlares":true,"showImageEffects":true,"showParticleSystems":true,"showVisualEffectGraphs":true,"m_FxEnabled":true},"in2DMode":false,"pivot":{"x":-0.16567832231521607,"y":0.6728100776672363,"z":-0.11251656711101532},"rotation":{"x":0.019603213295340539,"y":0.9742275476455689,"z":-0.20459234714508058,"w":0.09321919083595276},"size":1.323807954788208,"orthographic":false}