{"cameraMode":{"drawMode":0,"name":"Shaded","section":"Shading Mode"},"sceneLighting":false,"audioPlay":false,"sceneViewState":{"m_AlwaysRefresh":false,"showFog":true,"showSkybox":false,"showFlares":true,"showImageEffects":true,"showParticleSystems":true,"showVisualEffectGraphs":true,"m_FxEnabled":true},"in2DMode":false,"pivot":{"x":-0.657193124294281,"y":1.0609596967697144,"z":0.13827824592590333},"rotation":{"x":0.03608914464712143,"y":-0.9500658512115479,"z":0.2860945165157318,"w":0.11973562091588974},"size":1.3717139959335328,"orthographic":false}